,f739,f2478,f2276,f2547,f2474,f2437,f743,f745,f993,f2477,f2546,f726,f728,f518,f752
f739 · header.characteristics.DLL,1.0,0.3462,0.6133,-0.3886,0.1986,0.3908,0.3534,0.3323,0.0235,0.2671,0.3248,-0.4332,-0.3174,-0.4222,-0.4068
f2478 · authenticode.latest_signing_,0.3462,1.0,0.2821,-0.3282,0.6428,0.2154,0.3659,0.3524,0.6258,0.8678,0.2199,-0.2271,-0.297,-0.1684,-0.0561
f2276 · exports.has_exports,0.6133,0.2821,1.0,-0.286,0.2788,0.4419,0.22,0.215,0.055,0.2685,-0.1286,-0.2803,-0.1629,-0.3043,-0.375
f2547 · pefilewarnings.w67_Suspiciou,-0.3886,-0.3282,-0.286,1.0,-0.2089,-0.4103,-0.4778,-0.4384,-0.1159,-0.2819,-0.1551,0.2112,0.31,0.3505,-0.1213
f2474 · authenticode.empty_program_n,0.1986,0.6428,0.2788,-0.2089,1.0,0.2164,0.2232,0.221,0.4339,0.6467,-0.0337,-0.1251,-0.1627,-0.1046,-0.0188
f2437 · datadirectories.has_relocs,0.3908,0.2154,0.4419,-0.4103,0.2164,1.0,0.5517,0.4766,-0.0536,0.2119,-0.248,-0.6291,-0.4403,-0.2649,0.1503
f743 · header.dll_characteristics.D,0.3534,0.3659,0.22,-0.4778,0.2232,0.5517,1.0,0.8607,0.1322,0.2946,0.1791,-0.522,-0.6023,-0.1668,0.3253
f745 · header.dll_characteristics.N,0.3323,0.3524,0.215,-0.4384,0.221,0.4766,0.8607,1.0,0.0732,0.282,0.1707,-0.5143,-0.6848,-0.1158,0.3999
f993 · section.overlay.entropy,0.0235,0.6258,0.055,-0.1159,0.4339,-0.0536,0.1322,0.0732,1.0,0.5674,0.0747,0.0546,0.0129,0.0912,-0.0562
f2477 · authenticode.chain_max_depth,0.2671,0.8678,0.2685,-0.2819,0.6467,0.2119,0.2946,0.282,0.5674,1.0,0.1077,-0.1696,-0.2337,-0.136,-0.0357
f2546 · pefilewarnings.w66_SizeOfHea,0.3248,0.2199,-0.1286,-0.1551,-0.0337,-0.248,0.1791,0.1707,0.0747,0.1077,1.0,-0.1701,-0.183,-0.1065,-0.137
f726 · header.characteristics.RELOC,-0.4332,-0.2271,-0.2803,0.2112,-0.1251,-0.6291,-0.522,-0.5143,0.0546,-0.1696,-0.1701,1.0,0.5081,0.2528,-0.0914
f728 · header.characteristics.LINE_,-0.3174,-0.297,-0.1629,0.31,-0.1627,-0.4403,-0.6023,-0.6848,0.0129,-0.2337,-0.183,0.5081,1.0,0.1153,-0.3594
f518 · byteentropy.entropia15_byte1,-0.4222,-0.1684,-0.3043,0.3505,-0.1046,-0.2649,-0.1668,-0.1158,0.0912,-0.136,-0.1065,0.2528,0.1153,1.0,0.2355
f752 · header.dll_characteristics.T,-0.4068,-0.0561,-0.375,-0.1213,-0.0188,0.1503,0.3253,0.3999,-0.0562,-0.0357,-0.137,-0.0914,-0.3594,0.2355,1.0
