split,archivo,semana,label,n
train,train_Win32.parquet,0,0,3815
train,train_Win32.parquet,0,1,3654
train,train_Win32.parquet,1,0,3814
train,train_Win32.parquet,1,1,3711
train,train_Win32.parquet,2,0,3709
train,train_Win32.parquet,2,1,3688
train,train_Win32.parquet,3,0,3733
train,train_Win32.parquet,3,1,3733
train,train_Win32.parquet,4,0,3703
train,train_Win32.parquet,4,1,3744
train,train_Win32.parquet,5,0,3847
train,train_Win32.parquet,5,1,3681
train,train_Win32.parquet,6,0,3743
train,train_Win32.parquet,6,1,3784
train,train_Win32.parquet,7,0,3718
train,train_Win32.parquet,7,1,3716
train,train_Win32.parquet,8,0,3825
train,train_Win32.parquet,8,1,3747
train,train_Win32.parquet,9,0,3623
train,train_Win32.parquet,9,1,3751
train,train_Win32.parquet,10,0,3795
train,train_Win32.parquet,10,1,3764
train,train_Win32.parquet,11,0,3727
train,train_Win32.parquet,11,1,3684
train,train_Win32.parquet,12,0,3792
train,train_Win32.parquet,12,1,3784
train,train_Win32.parquet,13,0,3850
train,train_Win32.parquet,13,1,3631
train,train_Win32.parquet,14,0,3869
train,train_Win32.parquet,14,1,3813
train,train_Win32.parquet,15,0,3827
train,train_Win32.parquet,15,1,3839
train,train_Win32.parquet,16,0,3693
train,train_Win32.parquet,16,1,3722
train,train_Win32.parquet,17,0,3656
train,train_Win32.parquet,17,1,3799
train,train_Win32.parquet,18,0,3654
train,train_Win32.parquet,18,1,3818
train,train_Win32.parquet,19,0,3739
train,train_Win32.parquet,19,1,3618
train,train_Win32.parquet,20,0,3786
train,train_Win32.parquet,20,1,3639
train,train_Win32.parquet,21,0,3804
train,train_Win32.parquet,21,1,3741
train,train_Win32.parquet,22,0,3705
train,train_Win32.parquet,22,1,3685
train,train_Win32.parquet,23,0,3730
train,train_Win32.parquet,23,1,3624
train,train_Win32.parquet,24,0,3688
train,train_Win32.parquet,24,1,3718
train,train_Win32.parquet,25,0,3750
train,train_Win32.parquet,25,1,3854
train,train_Win32.parquet,26,0,3747
train,train_Win32.parquet,26,1,3781
train,train_Win32.parquet,27,0,3741
train,train_Win32.parquet,27,1,3707
train,train_Win32.parquet,28,0,3752
train,train_Win32.parquet,28,1,3746
train,train_Win32.parquet,29,0,3843
train,train_Win32.parquet,29,1,3775
train,train_Win32.parquet,30,0,3772
train,train_Win32.parquet,30,1,3722
train,train_Win32.parquet,31,0,3872
train,train_Win32.parquet,31,1,3863
train,train_Win32.parquet,32,0,3837
train,train_Win32.parquet,32,1,3754
train,train_Win32.parquet,33,0,3738
train,train_Win32.parquet,33,1,3821
train,train_Win32.parquet,34,0,3696
train,train_Win32.parquet,34,1,3671
train,train_Win32.parquet,35,0,3738
train,train_Win32.parquet,35,1,3786
train,train_Win32.parquet,36,0,3796
train,train_Win32.parquet,36,1,3739
train,train_Win32.parquet,37,0,3708
train,train_Win32.parquet,37,1,3804
train,train_Win32.parquet,38,0,3811
train,train_Win32.parquet,38,1,3856
train,train_Win32.parquet,39,0,3753
train,train_Win32.parquet,39,1,3772
train,train_Win32.parquet,40,0,3733
train,train_Win32.parquet,40,1,3738
train,train_Win32.parquet,41,0,3829
train,train_Win32.parquet,41,1,3817
train,train_Win32.parquet,42,0,3760
train,train_Win32.parquet,42,1,3766
train,train_Win32.parquet,43,0,3629
train,train_Win32.parquet,43,1,3709
train,train_Win32.parquet,44,0,3707
train,train_Win32.parquet,44,1,3814
train,train_Win32.parquet,45,0,3854
train,train_Win32.parquet,45,1,3669
train,train_Win32.parquet,46,0,3733
train,train_Win32.parquet,46,1,3724
train,train_Win32.parquet,47,0,3750
train,train_Win32.parquet,47,1,3797
train,train_Win32.parquet,48,0,3830
train,train_Win32.parquet,48,1,3817
train,train_Win32.parquet,49,0,3819
train,train_Win32.parquet,49,1,3795
train,train_Win32.parquet,50,0,3804
train,train_Win32.parquet,50,1,3772
train,train_Win32.parquet,51,0,3804
train,train_Win32.parquet,51,1,3684
test,test_Win32.parquet,52,0,30000
test,test_Win32.parquet,52,1,30000
test,test_Win32.parquet,53,0,30000
test,test_Win32.parquet,53,1,30000
test,test_Win32.parquet,54,0,30006
test,test_Win32.parquet,54,1,30000
test,test_Win32.parquet,55,0,29998
test,test_Win32.parquet,55,1,30000
test,test_Win32.parquet,56,0,30000
test,test_Win32.parquet,56,1,30000
test,test_Win32.parquet,57,0,30020
test,test_Win32.parquet,57,1,30000
test,test_Win32.parquet,58,0,29976
test,test_Win32.parquet,58,1,30000
test,test_Win32.parquet,59,0,30000
test,test_Win32.parquet,59,1,30000
test,test_Win32.parquet,60,0,30004
test,test_Win32.parquet,60,1,30000
test,test_Win32.parquet,61,0,29998
test,test_Win32.parquet,61,1,30000
test,test_Win32.parquet,62,0,30000
test,test_Win32.parquet,62,1,30000
test,test_Win32.parquet,63,0,29998
test,test_Win32.parquet,63,1,30000
train,train_Win64.parquet,0,0,1231
train,train_Win64.parquet,0,1,1305
train,train_Win64.parquet,1,0,1231
train,train_Win64.parquet,1,1,1243
train,train_Win64.parquet,2,0,1250
train,train_Win64.parquet,2,1,1287
train,train_Win64.parquet,3,0,1248
train,train_Win64.parquet,3,1,1295
train,train_Win64.parquet,4,0,1265
train,train_Win64.parquet,4,1,1264
train,train_Win64.parquet,5,0,1227
train,train_Win64.parquet,5,1,1197
train,train_Win64.parquet,6,0,1244
train,train_Win64.parquet,6,1,1256
train,train_Win64.parquet,7,0,1265
train,train_Win64.parquet,7,1,1239
train,train_Win64.parquet,8,0,1248
train,train_Win64.parquet,8,1,1326
train,train_Win64.parquet,9,0,1256
train,train_Win64.parquet,9,1,1275
train,train_Win64.parquet,10,0,1226
train,train_Win64.parquet,10,1,1254
train,train_Win64.parquet,11,0,1241
train,train_Win64.parquet,11,1,1245
train,train_Win64.parquet,12,0,1276
train,train_Win64.parquet,12,1,1255
train,train_Win64.parquet,13,0,1286
train,train_Win64.parquet,13,1,1243
train,train_Win64.parquet,14,0,1205
train,train_Win64.parquet,14,1,1257
train,train_Win64.parquet,15,0,1229
train,train_Win64.parquet,15,1,1274
train,train_Win64.parquet,16,0,1291
train,train_Win64.parquet,16,1,1236
train,train_Win64.parquet,17,0,1273
train,train_Win64.parquet,17,1,1276
train,train_Win64.parquet,18,0,1218
train,train_Win64.parquet,18,1,1242
train,train_Win64.parquet,19,0,1225
train,train_Win64.parquet,19,1,1304
train,train_Win64.parquet,20,0,1254
train,train_Win64.parquet,20,1,1223
train,train_Win64.parquet,21,0,1226
train,train_Win64.parquet,21,1,1249
train,train_Win64.parquet,22,0,1216
train,train_Win64.parquet,22,1,1269
train,train_Win64.parquet,23,0,1263
train,train_Win64.parquet,23,1,1217
train,train_Win64.parquet,24,0,1284
train,train_Win64.parquet,24,1,1219
train,train_Win64.parquet,25,0,1230
train,train_Win64.parquet,25,1,1267
train,train_Win64.parquet,26,0,1267
train,train_Win64.parquet,26,1,1263
train,train_Win64.parquet,27,0,1260
train,train_Win64.parquet,27,1,1291
train,train_Win64.parquet,28,0,1231
train,train_Win64.parquet,28,1,1204
train,train_Win64.parquet,29,0,1276
train,train_Win64.parquet,29,1,1233
train,train_Win64.parquet,30,0,1253
train,train_Win64.parquet,30,1,1200
train,train_Win64.parquet,31,0,1270
train,train_Win64.parquet,31,1,1243
train,train_Win64.parquet,32,0,1229
train,train_Win64.parquet,32,1,1276
train,train_Win64.parquet,33,0,1262
train,train_Win64.parquet,33,1,1248
train,train_Win64.parquet,34,0,1230
train,train_Win64.parquet,34,1,1165
train,train_Win64.parquet,35,0,1216
train,train_Win64.parquet,35,1,1212
train,train_Win64.parquet,36,0,1224
train,train_Win64.parquet,36,1,1214
train,train_Win64.parquet,37,0,1261
train,train_Win64.parquet,37,1,1278
train,train_Win64.parquet,38,0,1230
train,train_Win64.parquet,38,1,1256
train,train_Win64.parquet,39,0,1213
train,train_Win64.parquet,39,1,1277
train,train_Win64.parquet,40,0,1240
train,train_Win64.parquet,40,1,1217
train,train_Win64.parquet,41,0,1226
train,train_Win64.parquet,41,1,1254
train,train_Win64.parquet,42,0,1260
train,train_Win64.parquet,42,1,1270
train,train_Win64.parquet,43,0,1258
train,train_Win64.parquet,43,1,1179
train,train_Win64.parquet,44,0,1225
train,train_Win64.parquet,44,1,1240
train,train_Win64.parquet,45,0,1288
train,train_Win64.parquet,45,1,1255
train,train_Win64.parquet,46,0,1196
train,train_Win64.parquet,46,1,1279
train,train_Win64.parquet,47,0,1267
train,train_Win64.parquet,47,1,1221
train,train_Win64.parquet,48,0,1255
train,train_Win64.parquet,48,1,1258
train,train_Win64.parquet,49,0,1238
train,train_Win64.parquet,49,1,1272
train,train_Win64.parquet,50,0,1280
train,train_Win64.parquet,50,1,1261
train,train_Win64.parquet,51,0,1257
train,train_Win64.parquet,51,1,1289
test,test_Win64.parquet,52,0,10000
test,test_Win64.parquet,52,1,10000
test,test_Win64.parquet,53,0,10006
test,test_Win64.parquet,53,1,10000
test,test_Win64.parquet,54,0,10000
test,test_Win64.parquet,54,1,10000
test,test_Win64.parquet,55,0,9996
test,test_Win64.parquet,55,1,10000
test,test_Win64.parquet,56,0,10000
test,test_Win64.parquet,56,1,10000
test,test_Win64.parquet,57,0,10000
test,test_Win64.parquet,57,1,10000
test,test_Win64.parquet,58,0,9998
test,test_Win64.parquet,58,1,10000
test,test_Win64.parquet,59,0,10000
test,test_Win64.parquet,59,1,10000
test,test_Win64.parquet,60,0,10002
test,test_Win64.parquet,60,1,10000
test,test_Win64.parquet,61,0,9998
test,test_Win64.parquet,61,1,10000
test,test_Win64.parquet,62,0,10006
test,test_Win64.parquet,62,1,10000
test,test_Win64.parquet,63,0,9994
test,test_Win64.parquet,63,1,10000
train,train_Dot_Net.parquet,0,0,641
train,train_Dot_Net.parquet,0,1,611
train,train_Dot_Net.parquet,1,0,616
train,train_Dot_Net.parquet,1,1,620
train,train_Dot_Net.parquet,2,0,622
train,train_Dot_Net.parquet,2,1,624
train,train_Dot_Net.parquet,3,0,640
train,train_Dot_Net.parquet,3,1,658
train,train_Dot_Net.parquet,4,0,607
train,train_Dot_Net.parquet,4,1,632
train,train_Dot_Net.parquet,5,0,629
train,train_Dot_Net.parquet,5,1,594
train,train_Dot_Net.parquet,6,0,603
train,train_Dot_Net.parquet,6,1,644
train,train_Dot_Net.parquet,7,0,667
train,train_Dot_Net.parquet,7,1,634
train,train_Dot_Net.parquet,8,0,613
train,train_Dot_Net.parquet,8,1,667
train,train_Dot_Net.parquet,9,0,590
train,train_Dot_Net.parquet,9,1,644
train,train_Dot_Net.parquet,10,0,659
train,train_Dot_Net.parquet,10,1,629
train,train_Dot_Net.parquet,11,0,636
train,train_Dot_Net.parquet,11,1,609
train,train_Dot_Net.parquet,12,0,627
train,train_Dot_Net.parquet,12,1,624
train,train_Dot_Net.parquet,13,0,632
train,train_Dot_Net.parquet,13,1,619
train,train_Dot_Net.parquet,14,0,636
train,train_Dot_Net.parquet,14,1,623
train,train_Dot_Net.parquet,15,0,654
train,train_Dot_Net.parquet,15,1,586
train,train_Dot_Net.parquet,16,0,593
train,train_Dot_Net.parquet,16,1,626
train,train_Dot_Net.parquet,17,0,638
train,train_Dot_Net.parquet,17,1,611
train,train_Dot_Net.parquet,18,0,657
train,train_Dot_Net.parquet,18,1,636
train,train_Dot_Net.parquet,19,0,644
train,train_Dot_Net.parquet,19,1,636
train,train_Dot_Net.parquet,20,0,603
train,train_Dot_Net.parquet,20,1,580
train,train_Dot_Net.parquet,21,0,601
train,train_Dot_Net.parquet,21,1,592
train,train_Dot_Net.parquet,22,0,600
train,train_Dot_Net.parquet,22,1,635
train,train_Dot_Net.parquet,23,0,622
train,train_Dot_Net.parquet,23,1,641
train,train_Dot_Net.parquet,24,0,639
train,train_Dot_Net.parquet,24,1,671
train,train_Dot_Net.parquet,25,0,595
train,train_Dot_Net.parquet,25,1,615
train,train_Dot_Net.parquet,26,0,626
train,train_Dot_Net.parquet,26,1,641
train,train_Dot_Net.parquet,27,0,626
train,train_Dot_Net.parquet,27,1,648
train,train_Dot_Net.parquet,28,0,602
train,train_Dot_Net.parquet,28,1,600
train,train_Dot_Net.parquet,29,0,652
train,train_Dot_Net.parquet,29,1,646
train,train_Dot_Net.parquet,30,0,609
train,train_Dot_Net.parquet,30,1,638
train,train_Dot_Net.parquet,31,0,652
train,train_Dot_Net.parquet,31,1,630
train,train_Dot_Net.parquet,32,0,632
train,train_Dot_Net.parquet,32,1,614
train,train_Dot_Net.parquet,33,0,614
train,train_Dot_Net.parquet,33,1,629
train,train_Dot_Net.parquet,34,0,611
train,train_Dot_Net.parquet,34,1,595
train,train_Dot_Net.parquet,35,0,587
train,train_Dot_Net.parquet,35,1,610
train,train_Dot_Net.parquet,36,0,640
train,train_Dot_Net.parquet,36,1,618
train,train_Dot_Net.parquet,37,0,656
train,train_Dot_Net.parquet,37,1,648
train,train_Dot_Net.parquet,38,0,628
train,train_Dot_Net.parquet,38,1,644
train,train_Dot_Net.parquet,39,0,637
train,train_Dot_Net.parquet,39,1,620
train,train_Dot_Net.parquet,40,0,612
train,train_Dot_Net.parquet,40,1,583
train,train_Dot_Net.parquet,41,0,607
train,train_Dot_Net.parquet,41,1,644
train,train_Dot_Net.parquet,42,0,632
train,train_Dot_Net.parquet,42,1,641
train,train_Dot_Net.parquet,43,0,601
train,train_Dot_Net.parquet,43,1,654
train,train_Dot_Net.parquet,44,0,632
train,train_Dot_Net.parquet,44,1,625
train,train_Dot_Net.parquet,45,0,621
train,train_Dot_Net.parquet,45,1,628
train,train_Dot_Net.parquet,46,0,610
train,train_Dot_Net.parquet,46,1,645
train,train_Dot_Net.parquet,47,0,614
train,train_Dot_Net.parquet,47,1,592
train,train_Dot_Net.parquet,48,0,636
train,train_Dot_Net.parquet,48,1,569
train,train_Dot_Net.parquet,49,0,655
train,train_Dot_Net.parquet,49,1,608
train,train_Dot_Net.parquet,50,0,612
train,train_Dot_Net.parquet,50,1,630
train,train_Dot_Net.parquet,51,0,608
train,train_Dot_Net.parquet,51,1,650
test,test_Dot_Net.parquet,52,0,5000
test,test_Dot_Net.parquet,52,1,5000
test,test_Dot_Net.parquet,53,0,5090
test,test_Dot_Net.parquet,53,1,5000
test,test_Dot_Net.parquet,54,0,5180
test,test_Dot_Net.parquet,54,1,5000
test,test_Dot_Net.parquet,55,0,4922
test,test_Dot_Net.parquet,55,1,5000
test,test_Dot_Net.parquet,56,0,4988
test,test_Dot_Net.parquet,56,1,5000
test,test_Dot_Net.parquet,57,0,5062
test,test_Dot_Net.parquet,57,1,5000
test,test_Dot_Net.parquet,58,0,4844
test,test_Dot_Net.parquet,58,1,5000
test,test_Dot_Net.parquet,59,0,5136
test,test_Dot_Net.parquet,59,1,5000
test,test_Dot_Net.parquet,60,0,4958
test,test_Dot_Net.parquet,60,1,5000
test,test_Dot_Net.parquet,61,0,5032
test,test_Dot_Net.parquet,61,1,5000
test,test_Dot_Net.parquet,62,0,4876
test,test_Dot_Net.parquet,62,1,5000
test,test_Dot_Net.parquet,63,0,4912
test,test_Dot_Net.parquet,63,1,5000
challenge,challenge_PE.parquet,0,1,40
challenge,challenge_PE.parquet,1,1,51
challenge,challenge_PE.parquet,2,1,63
challenge,challenge_PE.parquet,3,1,48
challenge,challenge_PE.parquet,4,1,136
challenge,challenge_PE.parquet,5,1,113
challenge,challenge_PE.parquet,6,1,203
challenge,challenge_PE.parquet,7,1,227
challenge,challenge_PE.parquet,8,1,395
challenge,challenge_PE.parquet,9,1,347
challenge,challenge_PE.parquet,10,1,162
challenge,challenge_PE.parquet,11,1,83
challenge,challenge_PE.parquet,12,1,129
challenge,challenge_PE.parquet,13,1,146
challenge,challenge_PE.parquet,14,1,102
challenge,challenge_PE.parquet,15,1,46
challenge,challenge_PE.parquet,16,1,59
challenge,challenge_PE.parquet,17,1,43
challenge,challenge_PE.parquet,18,1,87
challenge,challenge_PE.parquet,19,1,80
challenge,challenge_PE.parquet,20,1,68
challenge,challenge_PE.parquet,21,1,85
challenge,challenge_PE.parquet,22,1,82
challenge,challenge_PE.parquet,23,1,115
challenge,challenge_PE.parquet,24,1,137
challenge,challenge_PE.parquet,25,1,162
challenge,challenge_PE.parquet,26,1,167
challenge,challenge_PE.parquet,27,1,113
challenge,challenge_PE.parquet,28,1,66
challenge,challenge_PE.parquet,29,1,55
challenge,challenge_PE.parquet,30,1,7
challenge,challenge_PE.parquet,31,1,2
challenge,challenge_PE.parquet,32,1,20
challenge,challenge_PE.parquet,33,1,23
challenge,challenge_PE.parquet,34,1,28
challenge,challenge_PE.parquet,35,1,23
challenge,challenge_PE.parquet,36,1,23
challenge,challenge_PE.parquet,37,1,42
challenge,challenge_PE.parquet,38,1,19
challenge,challenge_PE.parquet,39,1,25
challenge,challenge_PE.parquet,40,1,28
challenge,challenge_PE.parquet,41,1,19
challenge,challenge_PE.parquet,42,1,32
challenge,challenge_PE.parquet,43,1,31
challenge,challenge_PE.parquet,44,1,17
challenge,challenge_PE.parquet,45,1,22
challenge,challenge_PE.parquet,46,1,49
challenge,challenge_PE.parquet,47,1,61
challenge,challenge_PE.parquet,48,1,51
challenge,challenge_PE.parquet,49,1,50
challenge,challenge_PE.parquet,50,1,41
challenge,challenge_PE.parquet,51,1,40
challenge,challenge_PE.parquet,52,1,19
challenge,challenge_PE.parquet,53,1,52
challenge,challenge_PE.parquet,54,1,56
challenge,challenge_PE.parquet,55,1,41
challenge,challenge_PE.parquet,56,1,56
challenge,challenge_PE.parquet,57,1,68
challenge,challenge_PE.parquet,58,1,63
challenge,challenge_PE.parquet,59,1,58
challenge,challenge_PE.parquet,60,1,53
challenge,challenge_PE.parquet,61,1,56
challenge,challenge_PE.parquet,62,1,43
challenge,challenge_PE.parquet,63,1,40
