carpeta,archivo,estado,tamano_mb,descripcion,origen
00_resumen,cuadro_cumplimiento_metas.csv,presente,0.0,Cuadro de cumplimiento de las metas del anteproyecto.,/content/drive/MyDrive/trabajo_grado_malware/ember2024/cuadro_cumplimiento_metas.csv
00_resumen,registro_memoria.csv,presente,0.002,Registro del uso de RAM del proceso en cada punto de control (evidencia de que la corrida cabe en Colab).,/content/drive/MyDrive/trabajo_grado_malware/ember2024/registro_memoria.csv
00_resumen,resultados_para_documento.json,presente,0.02,Consolidado de los resúmenes de todas las fases + configuración usada.,/content/drive/MyDrive/trabajo_grado_malware/ember2024/resultados_para_documento.json
01_dataset,diccionario_caracteristicas.csv,presente,0.107,Diccionario completo: nombre legible y grupo de cada una de las 2.568 posiciones del vector.,/content/drive/MyDrive/trabajo_grado_malware/ember2024/datos/diccionario_caracteristicas.csv
01_dataset,diccionario_grupos.csv,presente,0.001,"Diccionario de datos por grupo: los 12 grupos del vector EMBER2024, n.º de variables y descripción.",/content/drive/MyDrive/trabajo_grado_malware/ember2024/datos/diccionario_grupos.csv
01_dataset,distribucion_por_semana.csv,presente,0.016,Número de archivos por semana y clase en cada split (cobertura temporal del muestreo).,/content/drive/MyDrive/trabajo_grado_malware/ember2024/datos/distribucion_por_semana.csv
01_dataset,resumen_datos.csv,presente,0.0,"Composición del dataset construido: archivos por split (train/test/challenge), tipo PE y clase, con rango de semanas.",/content/drive/MyDrive/trabajo_grado_malware/ember2024/datos/resumen_datos.csv
01_dataset,resumen_datos.json,presente,0.001,"Igual que el CSV, con totales, fracciones de muestreo y número de características.",/content/drive/MyDrive/trabajo_grado_malware/ember2024/datos/resumen_datos.json
02_seleccion_caracteristicas,caracteristicas_seleccionadas.csv,presente,0.001,"Tabla de las K características seleccionadas: posición, columna, nombre legible, grupo, importancia y puesto en el ranking.",/content/drive/MyDrive/trabajo_grado_malware/ember2024/fase1/caracteristicas_seleccionadas.csv
02_seleccion_caracteristicas,challenge_reducido.parquet,presente,0.403,BASE DE DATOS REDUCIDA del conjunto de desafío (malware evasivo): mismas columnas.,/content/drive/MyDrive/trabajo_grado_malware/ember2024/fase1/challenge_reducido.parquet
02_seleccion_caracteristicas,challenge_reducido_muestra_5000filas.csv,presente,0.832,"Primeras 4868 filas de challenge_reducido.parquet en CSV (para abrir en Excel); el parquet tiene 4,868 filas.",/content/drive/MyDrive/trabajo_grado_malware/ember2024/fase1/challenge_reducido.parquet
02_seleccion_caracteristicas,columnas_constantes.csv,presente,0.002,Variables eliminadas por ser constantes en la muestra.,/content/drive/MyDrive/trabajo_grado_malware/ember2024/fase1/columnas_constantes.csv
02_seleccion_caracteristicas,correlacion_seleccionadas.csv,presente,0.002,Matriz de correlación de Pearson entre las K características seleccionadas.,/content/drive/MyDrive/trabajo_grado_malware/ember2024/fase1/correlacion_seleccionadas.csv
02_seleccion_caracteristicas,curva_k_vs_f1.csv,presente,0.0,"Curva K vs. F1: F1, % de reducción y % del F1 de referencia conservado para cada K probado.",/content/drive/MyDrive/trabajo_grado_malware/ember2024/fase1/curva_k_vs_f1.csv
02_seleccion_caracteristicas,fase1_resumen.json,presente,0.003,"KPIs de la Fase 1: tamaño de la muestra, limpieza, F1 de referencia, K elegido, % de reducción, cumplimiento de metas.",/content/drive/MyDrive/trabajo_grado_malware/ember2024/fase1/fase1_resumen.json
02_seleccion_caracteristicas,grupos_en_seleccion.csv,presente,0.0,Cuántas características aporta cada grupo del vector al subconjunto seleccionado.,/content/drive/MyDrive/trabajo_grado_malware/ember2024/fase1/grupos_en_seleccion.csv
02_seleccion_caracteristicas,importancia_extratrees_completa.csv,presente,0.158,"Ranking completo de importancia (Extra Trees, Gini) de todas las variables limpias, con nombre y grupo.",/content/drive/MyDrive/trabajo_grado_malware/ember2024/fase1/importancia_extratrees_completa.csv
02_seleccion_caracteristicas,muestra_seleccion_sha256.csv.gz,presente,5.498,"SHA-256, clase y partición (entrenamiento/validación) de cada archivo de la muestra usada para seleccionar características.",/content/drive/MyDrive/trabajo_grado_malware/ember2024/fase1/muestra_seleccion_sha256.csv.gz
02_seleccion_caracteristicas,ranking_caracteristicas.json,presente,0.007,"Ranking del top preliminar, candidatos tras el filtro de correlación y F1 de referencia.",/content/drive/MyDrive/trabajo_grado_malware/ember2024/fase1/ranking_caracteristicas.json
02_seleccion_caracteristicas,redundantes_descartadas.csv,presente,0.002,Variables descartadas por redundancia (|r| > umbral): con cuál estaban correlacionadas y el valor de |r|.,/content/drive/MyDrive/trabajo_grado_malware/ember2024/fase1/redundantes_descartadas.csv
02_seleccion_caracteristicas,seleccion_final.json,presente,0.001,Regla aplicada y lista de las K columnas seleccionadas (con nombres y grupos).,/content/drive/MyDrive/trabajo_grado_malware/ember2024/fase1/seleccion_final.json
02_seleccion_caracteristicas,test_reducido.parquet,presente,42.038,BASE DE DATOS REDUCIDA de prueba temporal (semanas 53-64): mismas columnas.,/content/drive/MyDrive/trabajo_grado_malware/ember2024/fase1/test_reducido.parquet
02_seleccion_caracteristicas,test_reducido_muestra_5000filas.csv,presente,0.816,"Primeras 5000 filas de test_reducido.parquet en CSV (para abrir en Excel); el parquet tiene 539,940 filas.",/content/drive/MyDrive/trabajo_grado_malware/ember2024/fase1/test_reducido.parquet
02_seleccion_caracteristicas,train_reducido.parquet,presente,43.428,"BASE DE DATOS REDUCIDA de entrenamiento: K características seleccionadas + metadatos (sha256, label, tipo, fecha, semana, familia, comportamiento).",/content/drive/MyDrive/trabajo_grado_malware/ember2024/fase1/train_reducido.parquet
02_seleccion_caracteristicas,train_reducido_muestra_5000filas.csv,presente,0.82,"Primeras 5000 filas de train_reducido.parquet en CSV (para abrir en Excel); el parquet tiene 548,997 filas.",/content/drive/MyDrive/trabajo_grado_malware/ember2024/fase1/train_reducido.parquet
03_modelos,busqueda_hiperparametros_random_forest.csv,presente,0.0,"Búsqueda aleatoria de hiperparámetros de Random Forest: combinaciones probadas, F1 medio/desv. en validación cruzada y tiempo.",/content/drive/MyDrive/trabajo_grado_malware/ember2024/fase2/busqueda_hiperparametros_random_forest.csv
03_modelos,busqueda_hiperparametros_xgboost.csv,presente,0.001,"Búsqueda aleatoria de hiperparámetros de XGBoost: combinaciones probadas, F1 medio/desv. en validación cruzada y tiempo.",/content/drive/MyDrive/trabajo_grado_malware/ember2024/fase2/busqueda_hiperparametros_xgboost.csv
03_modelos,curvas_precision_recall.csv,presente,0.434,"Puntos (recall, precisión) de la curva precisión-recall de cada modelo.",/content/drive/MyDrive/trabajo_grado_malware/ember2024/fase2/curvas_precision_recall.csv
03_modelos,curvas_roc.csv,presente,0.613,"Puntos (FPR, TPR, umbral) de la curva ROC de cada modelo.",/content/drive/MyDrive/trabajo_grado_malware/ember2024/fase2/curvas_roc.csv
03_modelos,dnn.keras,presente,0.176,Red neuronal densa entrenada (Keras).,/content/drive/MyDrive/trabajo_grado_malware/ember2024/modelos/dnn.keras
03_modelos,dnn_info.json,presente,0.0,"Red neuronal: arquitectura, épocas efectivas, tiempo de entrenamiento y tamaño.",/content/drive/MyDrive/trabajo_grado_malware/ember2024/modelos/dnn_info.json
03_modelos,fase2_comparacion_modelos.csv,presente,0.0,Tabla comparativa de modelos (métricas principales sobre la prueba temporal y el desafío).,/content/drive/MyDrive/trabajo_grado_malware/ember2024/fase2/fase2_comparacion_modelos.csv
03_modelos,fase2_comparacion_modelos_completa.csv,presente,0.001,"Tabla comparativa con TODAS las métricas escalares (incluye conteos de la matriz de confusión, PR-AUC, latencias, tamaño del modelo).",/content/drive/MyDrive/trabajo_grado_malware/ember2024/fase2/fase2_comparacion_modelos_completa.csv
03_modelos,fase2_resumen.json,presente,0.006,"Resumen completo de la Fase 2: métricas de cada modelo, hiperparámetros, modelo seleccionado, criterio y cumplimiento de metas.",/content/drive/MyDrive/trabajo_grado_malware/ember2024/fase2/fase2_resumen.json
03_modelos,historia_entrenamiento_dnn.csv,presente,0.003,"Historia de entrenamiento de la red neuronal por época (pérdida, AUC y accuracy en entrenamiento y validación).",/content/drive/MyDrive/trabajo_grado_malware/ember2024/fase2/historia_entrenamiento_dnn.csv
03_modelos,matrices_confusion.csv,presente,0.0,"MATRIZ DE CONFUSIÓN (validación sobre la prueba temporal) de cada modelo: TN, FP, FN, TP, FPR, FNR y accuracy.",/content/drive/MyDrive/trabajo_grado_malware/ember2024/fase2/matrices_confusion.csv
03_modelos,metricas_por_semana.csv,presente,0.002,"F1, recall y FPR por semana del conjunto de prueba (deriva temporal), con el número de archivos por semana.",/content/drive/MyDrive/trabajo_grado_malware/ember2024/fase2/metricas_por_semana.csv
03_modelos,metricas_por_tipo.csv,presente,0.001,"Métricas por tipo de archivo (Win32, Win64, .NET) para cada modelo, con el número de archivos de cada grupo.",/content/drive/MyDrive/trabajo_grado_malware/ember2024/fase2/metricas_por_tipo.csv
03_modelos,metricas_vs_umbral.csv,presente,0.002,"Precision, recall, F1, FPR, FNR y recall en el desafío para umbrales de decisión de 0,1 a 0,9.",/content/drive/MyDrive/trabajo_grado_malware/ember2024/fase2/metricas_vs_umbral.csv
03_modelos,modelo_seleccionado.json,presente,0.0,"Modelo seleccionado, criterio de selección, umbral y columnas usadas.",/content/drive/MyDrive/trabajo_grado_malware/ember2024/modelos/modelo_seleccionado.json
03_modelos,predicciones_challenge.csv,presente,0.48,"Predicción por archivo del conjunto de desafío: sha256, tipo y probabilidad de malware de cada modelo.",/content/drive/MyDrive/trabajo_grado_malware/ember2024/fase2/predicciones_challenge.csv
03_modelos,predicciones_test.parquet,presente,37.203,"Predicción por archivo de la prueba temporal: sha256, tipo, semana, clase real y probabilidad de malware de cada modelo.",/content/drive/MyDrive/trabajo_grado_malware/ember2024/fase2/predicciones_test.parquet
03_modelos,random_forest.joblib,presente,138.027,Modelo Random Forest entrenado (joblib comprimido).,/content/drive/MyDrive/trabajo_grado_malware/ember2024/modelos/random_forest.joblib
03_modelos,random_forest_info.json,presente,0.0,"Random Forest: mejores hiperparámetros, F1 de validación cruzada, tiempo de entrenamiento, tamaño y n.º de nodos.",/content/drive/MyDrive/trabajo_grado_malware/ember2024/modelos/random_forest_info.json
03_modelos,reportes_clasificacion.csv,presente,0.001,"Reporte de clasificación por clase (precision, recall, F1, soporte) y promedios macro/ponderado de cada modelo.",/content/drive/MyDrive/trabajo_grado_malware/ember2024/fase2/reportes_clasificacion.csv
03_modelos,scaler.joblib,presente,0.001,StandardScaler ajustado con el entrenamiento (necesario para reproducir las predicciones).,/content/drive/MyDrive/trabajo_grado_malware/ember2024/modelos/scaler.joblib
03_modelos,xgboost.joblib,presente,0.559,Modelo XGBoost entrenado (joblib comprimido).,/content/drive/MyDrive/trabajo_grado_malware/ember2024/modelos/xgboost.joblib
03_modelos,xgboost_info.json,presente,0.0,"XGBoost: mejores hiperparámetros, F1 de validación cruzada, tiempo de entrenamiento y tamaño.",/content/drive/MyDrive/trabajo_grado_malware/ember2024/modelos/xgboost_info.json
04_explicabilidad,acuerdo_shap_lime_por_instancia.csv,presente,0.014,"Acuerdo SHAP-LIME por archivo: los 5 factores de cada técnica, coincidencias, índice de Jaccard y tiempo de LIME.",/content/drive/MyDrive/trabajo_grado_malware/ember2024/fase3/acuerdo_shap_lime_por_instancia.csv
04_explicabilidad,explicaciones_ejemplos.txt,presente,0.002,Explicaciones en lenguaje natural de los ejemplos malicioso y benigno usados en las figuras.,/content/drive/MyDrive/trabajo_grado_malware/ember2024/fase3/explicaciones_ejemplos.txt
04_explicabilidad,fase3_resumen.json,presente,0.004,"Indicadores de explicabilidad: cobertura, fidelidad de SHAP, acuerdo SHAP-LIME, tiempos, top-10 global y ejemplos explicados.",/content/drive/MyDrive/trabajo_grado_malware/ember2024/fase3/fase3_resumen.json
04_explicabilidad,lime_ejemplo_malicioso.html,presente,1.175,Explicación LIME interactiva (HTML) del ejemplo malicioso.,/content/drive/MyDrive/trabajo_grado_malware/ember2024/fase3/lime_ejemplo_malicioso.html
04_explicabilidad,muestra_explicada.csv,presente,1.68,"Muestra explicada archivo por archivo: clase real, probabilidad, veredicto, nivel de riesgo y explicación en lenguaje natural.",/content/drive/MyDrive/trabajo_grado_malware/ember2024/fase3/muestra_explicada.csv
04_explicabilidad,shap_importancia_global.csv,presente,0.001,"Importancia global SHAP (media de |SHAP| y SHAP medio) de cada característica seleccionada, con nombre y grupo.",/content/drive/MyDrive/trabajo_grado_malware/ember2024/fase3/shap_importancia_global.csv
04_explicabilidad,shap_importancia_por_grupo.csv,presente,0.0,Aporte de cada grupo de características a las decisiones del modelo (suma de |SHAP| medio).,/content/drive/MyDrive/trabajo_grado_malware/ember2024/fase3/shap_importancia_por_grupo.csv
04_explicabilidad,shap_valores_muestra.parquet,presente,0.253,"Valores SHAP de cada archivo de la muestra explicada (una columna por característica) + sha256, clase y probabilidad.",/content/drive/MyDrive/trabajo_grado_malware/ember2024/fase3/shap_valores_muestra.parquet
04_explicabilidad,xai_config.joblib,presente,0.001,"Configuración de explicabilidad usada por la interfaz (plantillas por grupo, valor base, escala).",/content/drive/MyDrive/trabajo_grado_malware/ember2024/modelos/xai_config.joblib
05_interfaz_y_pruebas,app_malware.py,presente,0.012,Código fuente de la aplicación (motor AnalizadorMalware + interfaz Gradio).,/content/drive/MyDrive/trabajo_grado_malware/ember2024/fase4/app_malware.py
05_interfaz_y_pruebas,archivos_de_prueba.csv,presente,0.0,Identificación (tamaño y SHA-256) de los ejecutables sintéticos usados en las pruebas.,/content/drive/MyDrive/trabajo_grado_malware/ember2024/fase4/archivos_de_prueba.csv
05_interfaz_y_pruebas,cuestionario_SUS.txt,presente,0.001,Cuestionario SUS aplicado a los participantes.,/content/drive/MyDrive/trabajo_grado_malware/ember2024/fase4/cuestionario_SUS.txt
05_interfaz_y_pruebas,ejemplo_resultado_analisis.json,presente,0.002,"Respuesta completa del motor de análisis para un ejemplo (veredicto, probabilidad, riesgo, factores y frases).",/content/drive/MyDrive/trabajo_grado_malware/ember2024/fase4/ejemplo_resultado_analisis.json
05_interfaz_y_pruebas,ejemplos_demo.parquet,presente,0.011,"Archivos de ejemplo cargados en la interfaz (vectores reducidos, etiqueta real, tipo y sha256).",/content/drive/MyDrive/trabajo_grado_malware/ember2024/fase4/ejemplos_demo.parquet
05_interfaz_y_pruebas,fase4_pruebas.json,presente,0.003,Resumen JSON de las pruebas funcionales y de rendimiento.,/content/drive/MyDrive/trabajo_grado_malware/ember2024/fase4/fase4_pruebas.json
05_interfaz_y_pruebas,fase4_sus.json,presente,0.0,"Resumen SUS: promedio, desviación, IC 95 %, calificación y cumplimiento de la meta (o estado pendiente).",/content/drive/MyDrive/trabajo_grado_malware/ember2024/fase4/fase4_sus.json
05_interfaz_y_pruebas,fig_interfaz_gradio.png,PENDIENTE (aún no generado),,Captura de pantalla de la interfaz (la toma el usuario al lanzar la app).,/content/drive/MyDrive/trabajo_grado_malware/ember2024/figuras/fig_interfaz_gradio.png
05_interfaz_y_pruebas,pruebas_funcionales.csv,presente,0.001,"Pruebas funcionales PF-01 a PF-09: descripción, resultado PASA/FALLA y detalle.",/content/drive/MyDrive/trabajo_grado_malware/ember2024/fase4/pruebas_funcionales.csv
05_interfaz_y_pruebas,pruebas_funcionales_detalle.json,presente,0.011,Respuesta completa del analizador en cada prueba funcional.,/content/drive/MyDrive/trabajo_grado_malware/ember2024/fase4/pruebas_funcionales_detalle.json
05_interfaz_y_pruebas,pruebas_rendimiento.csv,presente,0.0,"Latencia de extremo a extremo por tamaño de archivo: p50, p95, máximo, desglose extracción/predicción y cumplimiento de la meta.",/content/drive/MyDrive/trabajo_grado_malware/ember2024/fase4/pruebas_rendimiento.csv
05_interfaz_y_pruebas,pruebas_rendimiento_detalle.csv,presente,0.003,Todas las mediciones individuales de las pruebas de rendimiento (una fila por repetición).,/content/drive/MyDrive/trabajo_grado_malware/ember2024/fase4/pruebas_rendimiento_detalle.csv
05_interfaz_y_pruebas,sus_puntajes_por_participante.csv,PENDIENTE (aún no generado),,Puntaje SUS calculado por participante (solo existe cuando hay respuestas reales).,/content/drive/MyDrive/trabajo_grado_malware/ember2024/fase4/sus_puntajes_por_participante.csv
05_interfaz_y_pruebas,sus_respuestas.csv,presente,0.0,Respuestas SUS registradas (plantilla; se diligencia con participantes reales).,/content/drive/MyDrive/trabajo_grado_malware/ember2024/fase4/sus_respuestas.csv
06_figuras,fig_acuerdo_shap_lime.png,presente,0.057,Distribución del índice de Jaccard entre los top-5 de SHAP y LIME.,/content/drive/MyDrive/trabajo_grado_malware/ember2024/figuras/fig_acuerdo_shap_lime.png
06_figuras,fig_busqueda_hiperparametros.png,presente,0.121,F1 de validación cruzada de cada combinación probada en la búsqueda de hiperparámetros.,/content/drive/MyDrive/trabajo_grado_malware/ember2024/figuras/fig_busqueda_hiperparametros.png
06_figuras,fig_comparacion_modelos.png,presente,0.08,"Comparación de F1, recall, precisión, AUC-ROC y recall en el desafío de los tres modelos.",/content/drive/MyDrive/trabajo_grado_malware/ember2024/figuras/fig_comparacion_modelos.png
06_figuras,fig_composicion_dataset.png,presente,0.086,"Composición del subconjunto PE de EMBER2024 por split, tipo y clase.",/content/drive/MyDrive/trabajo_grado_malware/ember2024/figuras/fig_composicion_dataset.png
06_figuras,fig_correlacion_seleccionadas.png,presente,0.132,Mapa de calor de la correlación entre las K características seleccionadas.,/content/drive/MyDrive/trabajo_grado_malware/ember2024/figuras/fig_correlacion_seleccionadas.png
06_figuras,fig_curva_k_vs_f1.png,presente,0.103,"Curva K vs. % del F1 de referencia conservado, con la meta y el K seleccionado.",/content/drive/MyDrive/trabajo_grado_malware/ember2024/figuras/fig_curva_k_vs_f1.png
06_figuras,fig_desempeno_por_tipo.png,presente,0.062,F1 por tipo de archivo y recall por tipo en el conjunto de desafío.,/content/drive/MyDrive/trabajo_grado_malware/ember2024/figuras/fig_desempeno_por_tipo.png
06_figuras,fig_dnn_historia.png,presente,0.117,Pérdida y AUC por época de la red neuronal (entrenamiento vs. validación).,/content/drive/MyDrive/trabajo_grado_malware/ember2024/figuras/fig_dnn_historia.png
06_figuras,fig_f1_por_semana.png,presente,0.141,Deriva temporal: F1 por semana del conjunto de prueba.,/content/drive/MyDrive/trabajo_grado_malware/ember2024/figuras/fig_f1_por_semana.png
06_figuras,fig_importancia_topk.png,presente,0.214,"Importancia (Extra Trees) de las K características seleccionadas, coloreadas por grupo.",/content/drive/MyDrive/trabajo_grado_malware/ember2024/figuras/fig_importancia_topk.png
06_figuras,fig_interfaz_gradio.png,PENDIENTE (aún no generada),,Captura de pantalla de la interfaz Gradio.,/content/drive/MyDrive/trabajo_grado_malware/ember2024/figuras/fig_interfaz_gradio.png
06_figuras,fig_latencia_por_tamano.png,presente,0.082,Latencia de análisis por tamaño de archivo (desglose y p95 frente a la meta).,/content/drive/MyDrive/trabajo_grado_malware/ember2024/figuras/fig_latencia_por_tamano.png
06_figuras,fig_lime_ejemplo.png,presente,0.124,Explicación LIME del mismo archivo malicioso (contraste con SHAP).,/content/drive/MyDrive/trabajo_grado_malware/ember2024/figuras/fig_lime_ejemplo.png
06_figuras,fig_matrices_confusion.png,presente,0.116,Matrices de confusión de los tres modelos sobre la prueba temporal.,/content/drive/MyDrive/trabajo_grado_malware/ember2024/figuras/fig_matrices_confusion.png
06_figuras,fig_pr_modelos.png,presente,0.09,Curvas precisión-recall de los tres modelos.,/content/drive/MyDrive/trabajo_grado_malware/ember2024/figuras/fig_pr_modelos.png
06_figuras,fig_roc_modelos.png,presente,0.172,Curvas ROC (escala lineal y logarítmica) de los tres modelos.,/content/drive/MyDrive/trabajo_grado_malware/ember2024/figuras/fig_roc_modelos.png
06_figuras,fig_shap_beeswarm.png,presente,0.295,Resumen SHAP (beeswarm): dirección y magnitud del efecto de cada característica.,/content/drive/MyDrive/trabajo_grado_malware/ember2024/figuras/fig_shap_beeswarm.png
06_figuras,fig_shap_global_barras.png,presente,0.199,Importancia global SHAP (media de |SHAP|) del modelo seleccionado.,/content/drive/MyDrive/trabajo_grado_malware/ember2024/figuras/fig_shap_global_barras.png
06_figuras,fig_shap_local_benigno.png,presente,0.207,Explicación local SHAP (waterfall) de un archivo benigno.,/content/drive/MyDrive/trabajo_grado_malware/ember2024/figuras/fig_shap_local_benigno.png
06_figuras,fig_shap_local_malicioso.png,presente,0.208,Explicación local SHAP (waterfall) de un archivo malicioso.,/content/drive/MyDrive/trabajo_grado_malware/ember2024/figuras/fig_shap_local_malicioso.png
06_figuras,fig_shap_por_grupo.png,presente,0.078,Aporte de cada grupo de características a las decisiones (SHAP).,/content/drive/MyDrive/trabajo_grado_malware/ember2024/figuras/fig_shap_por_grupo.png
06_figuras,fig_sus_resultados.png,PENDIENTE (aún no generada),,Puntajes SUS por participante y promedio por ítem (con respuestas reales).,/content/drive/MyDrive/trabajo_grado_malware/ember2024/figuras/fig_sus_resultados.png
06_figuras,fig_tiempos_modelos.png,presente,0.052,Tiempo de entrenamiento y latencia de predicción por modelo.,/content/drive/MyDrive/trabajo_grado_malware/ember2024/figuras/fig_tiempos_modelos.png
