tamano,bytes,repeticion,extraccion_ms,prediccion_y_explicacion_ms,total_ms
0.1 MB,104448,1,82.54,20.17,102.7
0.1 MB,104448,2,78.2,26.19,104.39
0.1 MB,104448,3,78.32,33.45,111.77
0.1 MB,104448,4,89.96,19.65,109.61
0.1 MB,104448,5,75.65,24.94,100.58
0.1 MB,104448,6,78.79,20.26,99.05
0.1 MB,104448,7,85.12,20.4,105.52
0.1 MB,104448,8,75.69,21.51,97.2
0.1 MB,104448,9,78.16,20.1,98.26
0.1 MB,104448,10,77.71,20.17,97.88
0.1 MB,104448,11,74.63,19.78,94.41
0.1 MB,104448,12,75.46,20.69,96.16
0.1 MB,104448,13,79.89,22.75,102.64
0.1 MB,104448,14,96.43,21.75,118.18
0.1 MB,104448,15,73.83,20.98,94.81
0.1 MB,104448,16,73.94,18.76,92.71
0.1 MB,104448,17,73.83,18.62,92.45
0.1 MB,104448,18,73.65,18.38,92.03
0.1 MB,104448,19,72.55,18.0,90.55
0.1 MB,104448,20,72.71,18.65,91.36
1 MB,1050624,1,764.18,18.4,782.58
1 MB,1050624,2,763.77,18.45,782.23
1 MB,1050624,3,768.06,18.5,786.56
1 MB,1050624,4,767.82,19.39,787.21
1 MB,1050624,5,1194.14,31.68,1225.82
1 MB,1050624,6,1472.16,30.98,1503.14
1 MB,1050624,7,1479.45,30.13,1509.59
1 MB,1050624,8,1154.67,18.83,1173.49
1 MB,1050624,9,794.59,18.96,813.55
1 MB,1050624,10,787.98,19.91,807.89
1 MB,1050624,11,770.68,19.53,790.21
1 MB,1050624,12,772.43,19.84,792.27
1 MB,1050624,13,798.64,20.55,819.18
1 MB,1050624,14,779.29,21.1,800.4
1 MB,1050624,15,753.68,21.82,775.5
1 MB,1050624,16,802.13,20.19,822.31
1 MB,1050624,17,788.3,19.07,807.37
1 MB,1050624,18,848.03,19.72,867.75
1 MB,1050624,19,767.35,27.22,794.57
1 MB,1050624,20,776.94,30.02,806.96
5 MB,5244928,1,5967.13,22.73,5989.86
5 MB,5244928,2,3799.47,19.35,3818.82
5 MB,5244928,3,3827.03,18.46,3845.49
5 MB,5244928,4,6008.59,21.72,6030.32
5 MB,5244928,5,3991.39,26.73,4018.12
5 MB,5244928,6,4283.9,23.37,4307.27
5 MB,5244928,7,6178.81,38.83,6217.63
5 MB,5244928,8,4287.94,23.17,4311.12
5 MB,5244928,9,3874.34,19.31,3893.65
5 MB,5244928,10,5311.49,35.08,5346.58
5 MB,5244928,11,4806.17,32.77,4838.93
5 MB,5244928,12,3893.34,18.28,3911.61
5 MB,5244928,13,4464.54,48.57,4513.11
5 MB,5244928,14,5684.03,20.09,5704.12
5 MB,5244928,15,3824.18,18.4,3842.58
5 MB,5244928,16,3825.7,17.92,3843.62
5 MB,5244928,17,6023.32,18.48,6041.8
5 MB,5244928,18,3789.84,19.43,3809.28
5 MB,5244928,19,3794.04,18.68,3812.72
5 MB,5244928,20,5774.17,31.93,5806.1
20 MB,20973568,1,17891.79,18.83,17910.62
20 MB,20973568,2,17577.22,18.37,17595.58
20 MB,20973568,3,17824.79,19.66,17844.45
20 MB,20973568,4,19734.03,29.96,19763.99
20 MB,20973568,5,18921.59,26.18,18947.77
20 MB,20973568,6,17894.88,20.09,17914.98
20 MB,20973568,7,18156.26,18.79,18175.05
20 MB,20973568,8,18667.79,28.51,18696.3
20 MB,20973568,9,18994.42,18.9,19013.32
20 MB,20973568,10,17667.16,18.97,17686.13
20 MB,20973568,11,17866.76,21.6,17888.36
20 MB,20973568,12,19131.75,31.66,19163.42
20 MB,20973568,13,25651.94,20.78,25672.71
20 MB,20973568,14,18842.13,21.62,18863.75
20 MB,20973568,15,20362.45,30.98,20393.42
20 MB,20973568,16,18456.98,20.43,18477.41
20 MB,20973568,17,18310.11,19.72,18329.83
20 MB,20973568,18,18163.15,18.5,18181.65
20 MB,20973568,19,20685.01,19.69,20704.7
20 MB,20973568,20,17912.17,20.25,17932.41
