sha256,label,probabilidad_malware,top5_shap,top5_lime,coincidencias,jaccard,ms_lime
53a5bda479041e22267e6177996826536ebf8a861d4889d37d2457331468ed57,1,0.9968,f739;f2478;f2276;f2547;f518,f739;f2478;f2276;f2547;f2477,4,0.6667,452.9
4aa82968d5451657881ee32eca2f3f4b49407fa423b8243df3a73de80949d3de,1,0.1619,f739;f2478;f2276;f2477;f518,f739;f2478;f2547;f2477;f518,4,0.6667,402.0
b9560e99138b10aa3243880a71aa5229a1d9f9fa31eb8bfcda99781859a90bb8,1,1.0,f739;f2478;f2547;f2477;f518,f739;f2478;f2547;f2477;f518,5,1.0,398.9
c951d558ffe06e5905325e0fdfdee9188482d25d68298a44874089ae3d10ce0a,1,0.8888,f739;f2478;f2547;f728;f752,f739;f2478;f2547;f2477;f518,3,0.4286,395.4
cd2f2035037227a3493009305b1f40349a0ef11bdaa08cee774913089ffb88d0,1,0.9999,f739;f2478;f2547;f2477;f518,f739;f2478;f2547;f2477;f518,5,1.0,388.0
0cbbe5ed90ec9c961a92ff0301d78e7ab0d588fc9970fda0a978ae3b3b9144e0,1,0.9898,f739;f2478;f2547;f993;f518,f739;f2478;f2276;f2547;f2477,3,0.4286,526.3
ddfc9a2a066e8221def594f0c7932a6b2b0d72f795a6c6a9cd29d8a819542a19,1,0.996,f739;f2478;f2547;f2477;f518,f739;f2478;f2276;f2547;f2477,4,0.6667,551.0
09c9bb48b630b8ef12e2a7d063f37763337e9b293a326b60311ad7de0e9774aa,1,1.0,f739;f2478;f2547;f2477;f518,f739;f2478;f2276;f2547;f2477,4,0.6667,535.3
1b12423d7828d4e6bb0b0ba8b6041d5a79315385215d67482f9936e822a0f27f,1,1.0,f739;f2478;f2547;f2477;f518,f739;f2478;f2276;f2547;f2477,4,0.6667,652.6
d2d1c594d2bc71d5d8c690ec5fcfadbabb21262ed221a40d2576c745e129d198,1,0.9989,f739;f2478;f2547;f2477;f518,f739;f2478;f2276;f2547;f2477,4,0.6667,555.4
6417e2cd9f1f4075d3029a8615a207fb3dcb37c3e6bb0cd3c946bcc1d4da60da,1,1.0,f739;f2478;f2547;f2477;f518,f739;f2478;f2276;f2547;f2477,4,0.6667,539.8
8819b5a797a1a6c71d43ab7a5b7962c6ee1bd8845ac0d495f198f8d0cd2a7453,1,0.9497,f739;f2478;f2547;f2477;f518,f739;f2478;f2276;f2547;f2477,4,0.6667,491.4
81eab8b4cdee02c3f0a2880f13adc2bacfa0fbc41e00b6067ff3cdf840a60cfd,1,0.9271,f739;f2437;f993;f2477;f2546,f739;f2276;f2547;f2477;f518,2,0.25,504.9
aeee3151479b8ea467bffe465f20e00e7a54082a963b54422faf97348c5eee1b,1,0.8267,f739;f2478;f2547;f993;f2477,f739;f2478;f2276;f2547;f2477,4,0.6667,545.1
ee7e426ba924e2b1451c1ca29ccbbc08479b1e18484aee420060e361eea3afa4,1,0.9891,f739;f2478;f2547;f993;f518,f739;f2276;f2547;f2477;f518,3,0.4286,370.5
25cd7489637234c7495fca274797ea41fc1614420159f691faf635d77b6383a6,1,0.6665,f739;f2478;f2437;f993;f2477,f739;f2478;f2276;f2547;f2477,3,0.4286,344.5
bb16d4b2aaa63d9341e2be93e7a5b667694c4f0577b043e467c8ae6ec8f9e537,1,0.9957,f739;f2478;f2547;f2477;f518,f739;f2478;f2547;f2477;f518,5,1.0,320.1
ca1675649f5229e98e206a7caa6a53cce698106da3a196a5f82acd8edeafc005,1,1.0,f739;f2478;f2547;f2477;f518,f739;f2478;f2276;f2547;f2477,4,0.6667,317.2
c081e4185c20d5b45315d2449b9d58f7cbeb8f8e0d3fbe4f4a909097a8528f3e,1,0.6227,f739;f2478;f2547;f2477;f726,f739;f2478;f2547;f2477;f518,4,0.6667,345.3
5fd6b63ab596747d1aed0d733c509e712f22e5543c009232a8c89a5ae3c0b3e1,1,0.9577,f739;f2276;f2547;f993;f518,f739;f2478;f2547;f2477;f518,3,0.4286,323.1
28e01c59da0131639df785469f41b0c28668f35f516fc2a9edf0266c0630ddfd,1,1.0,f739;f2478;f2547;f2477;f518,f739;f2478;f2276;f2547;f2477,4,0.6667,309.8
c8e2330ad02af069fa9b59db9d8d928ed0e72fcd6ee3488ad3ace4cc3ad27677,1,0.996,f739;f2478;f2547;f2477;f518,f739;f2478;f2276;f2547;f2477,4,0.6667,354.0
fc3e11fd3dd2d22524c89f3b883f19525696fbc2bb896a32c4c90342e79690bc,1,1.0,f739;f2478;f2547;f2477;f518,f739;f2478;f2547;f2477;f518,5,1.0,313.6
a1a0a9854f7d3446e4ae1259443694b76ebfc8966941bb04be4eea39afe193d8,1,0.996,f739;f2478;f2547;f2477;f518,f739;f2478;f2276;f2547;f2477,4,0.6667,320.9
ff070bacbb191b8769d8d022524e2f1376a512d6e199ded4f5d0871cf0ad17e5,1,0.114,f739;f2478;f2276;f2477;f518,f739;f2478;f2276;f2547;f2477,4,0.6667,325.9
be2b8a2b2cc241ddf869020223b647e95dc79c9721112648659d4bd5b24ff6a7,1,0.9999,f739;f2478;f2547;f2477;f518,f739;f2478;f2276;f2547;f2477,4,0.6667,343.9
08e00ccaa704c210e5841227e0db6b5c911ad675f3eaf48f5a629877c0ac3de1,1,0.9873,f739;f2478;f2547;f993;f2477,f739;f2478;f2276;f2547;f2477,4,0.6667,314.8
8dcfdc801886a55ebf834b423f2ba14d9fd50507c0be87038b77b9436cf4cd8a,1,0.9729,f739;f2478;f2547;f2477;f518,f739;f2478;f2547;f2477;f518,5,1.0,322.9
652729d736833249653682583e8cff95a3e17b31739b656900b46cc4074a0a56,1,0.9457,f739;f2478;f2547;f2477;f518,f739;f2478;f2276;f2547;f2477,4,0.6667,335.3
d5e58a20961df8f3d718215ae6b39f76478bcc9c2323a777cbe9b8f5f95709a3,1,0.9952,f739;f2478;f2547;f2477;f518,f739;f2478;f2547;f2477;f518,5,1.0,322.5
269f5ab834dca3178e8f3befd49a9903b5434d743bf3cbd112f636a70f8a3a9d,1,0.7335,f739;f2478;f2547;f2477;f518,f739;f2478;f2276;f2547;f2477,4,0.6667,314.2
d91581892bc8128c29ec82bafb48a73a91dabd0f8c0f094479d65456dec43fd2,1,1.0,f739;f2478;f2547;f2477;f518,f739;f2478;f2276;f2547;f2477,4,0.6667,361.6
1776476b52fe0a66af767a28d67229087861ba20b702ad2ab147f012432cdcf6,1,0.9999,f739;f2478;f2547;f2477;f518,f739;f2478;f2276;f2547;f2477,4,0.6667,376.9
627ff2533cfa62a1ebc8acc4b46330eb06536393c317ff1f97dea74654378bb0,1,0.9661,f739;f2478;f2547;f993;f2477,f739;f2478;f2547;f2477;f518,4,0.6667,409.7
12280d3db1a6143a5dcc2902e4fbbe867510bd992b37068717fb281cc04f3b47,1,0.7354,f739;f2478;f993;f2477;f518,f739;f2276;f2547;f2477;f726,2,0.25,351.5
71e41ad15903dc9f3b6db957795eef6c8282cf9028684f49b98b2532d76f6b0d,1,0.6776,f739;f2478;f2547;f2477;f518,f739;f2478;f2276;f2547;f2477,4,0.6667,318.8
142e770fba99572a14821f9230e35e51278e667a49e23d2bc571fbb2946bcdd4,1,0.7511,f739;f2478;f2547;f728;f518,f739;f2478;f2276;f2547;f2477,3,0.4286,329.3
8065b7ec9a33848dc3d976040efa5ccf4574c6ebc784a759b54abd64eb5b96af,1,0.9941,f739;f2478;f2547;f2477;f518,f739;f2478;f2547;f2477;f518,5,1.0,343.3
f687e8508c1bd12051e940a3d630efd57ae911a220934286ace6ef29f4d03ecf,1,0.9999,f739;f2478;f2547;f993;f2477,f739;f2276;f2547;f2477;f518,3,0.4286,333.7
30b1a7cd6b206586b7fe26acabb14fa9c5042d0e99da95507f0560dcbd04b41c,1,0.9727,f739;f2478;f993;f2477;f518,f739;f2478;f2547;f2477;f518,4,0.6667,378.5
c57cddcbceda689dd210f60e4b41309ceb623a5e71883c60316f9511389661d3,1,0.9942,f739;f2478;f2547;f2477;f518,f739;f2478;f2547;f2477;f518,5,1.0,371.0
00093f5e20938ebbd9444dcf59edaa44dedd7213c5bdea61a0228e681c47bb4c,1,0.996,f739;f2478;f2547;f2477;f518,f739;f2478;f2276;f2547;f2477,4,0.6667,379.4
07403171ebf4a7877ab1025f79850fa3db8b2f5c56a2b797bd7e0cc50dfc825a,1,1.0,f739;f2478;f2547;f2477;f518,f739;f2276;f2547;f2477;f518,4,0.6667,381.3
223820f750c8f0b9b07f1ad1cde2ac6ddc728185001405dd5fcc2b1248737136,1,0.7335,f739;f2478;f2547;f2477;f518,f739;f2478;f2276;f2547;f2477,4,0.6667,375.8
8ddb6c1435b6860259384733743a6c767d3a7fbfb0a1eeb0544d67f7228357f0,1,1.0,f739;f2478;f2547;f2477;f518,f739;f2478;f2547;f2477;f518,5,1.0,453.5
f96985c8299bb14baff5d1c0e31c03a6da95e6b1ebce3c7a143af276dccd4d22,1,0.9999,f739;f2478;f2547;f2477;f518,f739;f2478;f2276;f2547;f2477,4,0.6667,437.5
1d3010df7b4a0481b69d6e393b20680a99a30c6b1a483db9db7ee62ab7812692,1,0.114,f739;f2478;f2276;f2477;f518,f739;f2478;f2547;f2477;f518,4,0.6667,400.6
4cc33a2e390cbef3a08e6594cd8f55248045bbdf90a10f8fc3fc20dd2f734ff0,1,1.0,f739;f2478;f2547;f2477;f518,f739;f2478;f2276;f2547;f2477,4,0.6667,469.2
39b1628d052cf3cbaff32c52e3d55c8f9e07792d6a90d0cc15426d81fd1f02a8,1,0.959,f739;f2478;f2547;f993;f726,f739;f2478;f2547;f2477;f518,3,0.4286,562.3
4da4e1ae8598e3d5042252bf7036dc04f273d965273ac35bd415b5266201cba9,1,1.0,f739;f2478;f2547;f2477;f518,f739;f2478;f2276;f2547;f2477,4,0.6667,635.4
3373ad6983c5f596d6c022403fabc1642b957de64b3d5ea7360a11d2c862c040,1,0.2633,f739;f2478;f993;f2477;f518,f739;f2276;f2547;f2477;f518,3,0.4286,726.8
a5dd9e45cb9f7bd28d29cf26fff7b4ffbc2077f2f270309cee375916207c9c5f,1,1.0,f739;f2478;f2547;f2477;f518,f739;f2478;f2547;f2477;f518,5,1.0,747.1
599e45cbf9cfaf22dbc4545eb4ed6d8c1002adde8030c92832cfd95e764da165,1,0.9797,f739;f2478;f2474;f993;f2477,f739;f2276;f2547;f2477;f518,2,0.25,848.1
1ce3846ab28e13d4796edd90ed1ce17cb6feaecff0dca1f5fd4503fd896f5681,1,0.9775,f739;f2478;f2547;f993;f518,f739;f2478;f2276;f2547;f2477,3,0.4286,652.1
68664d8dbf0b9d76d3f2c0f4f3b93f92fb32e929d07d67824ef7c0516f5bef2c,1,1.0,f739;f2478;f2547;f2477;f518,f739;f2478;f2276;f2547;f2477,4,0.6667,433.4
62498947636057a496fb7aba0cdd1c9e4d0c2a28d9f44864d85b938fc23c16b4,1,0.8717,f739;f2478;f2547;f993;f518,f739;f2478;f2547;f2477;f518,4,0.6667,404.4
7605423ecad12ba6356d78e80f022f9ab29939af22957fd2f144b92f28aea730,1,0.9258,f739;f2478;f2547;f993;f518,f739;f2478;f2276;f2547;f2477,3,0.4286,381.5
f79f40d9d7af0ba0c405321cd473bc07a08f0774975a8b77a18ac963650637e8,1,0.9952,f739;f2478;f2547;f2477;f518,f739;f2276;f2547;f2477;f518,4,0.6667,396.5
27fdaff4c92b0c38ff1a40d15310bb86f2c66d3da8807fb2b70c1f91ede90d9d,1,1.0,f739;f2478;f2547;f2477;f518,f739;f2478;f2276;f2547;f2477,4,0.6667,373.6
9fbbf10f50e122fbe570048f905806db7d5995ffd0822c82d522771507f8abf6,1,0.9027,f739;f2478;f2547;f993;f2477,f739;f2478;f2547;f2477;f518,4,0.6667,371.5
62e866d6a67c49bb5bb07a63eb0846aadb1f0449adfa78a05b1ae29610f20b91,1,1.0,f739;f2478;f2547;f2477;f518,f739;f2478;f2276;f2547;f2477,4,0.6667,396.1
d162016f2fbfe7facb6cdda3dd2182c23d020304e4be5deb70c116f28f591947,1,0.9951,f739;f2478;f2547;f2477;f518,f739;f2478;f2547;f2477;f518,5,1.0,371.9
7f3da05621fa6fe01a79960c3ea9ca3f6a3d8ecc7a55d92fe55184473f867225,1,0.9953,f739;f2478;f993;f2477;f518,f739;f2478;f2547;f2477;f518,4,0.6667,395.3
3463ddec7cebd66c39a6aa73e8c2be8911327d9191162e1bda99a2a775c9b528,1,0.9586,f739;f2276;f993;f2477;f728,f739;f2478;f2276;f2547;f2477,3,0.4286,354.4
f9d4f20f053b16e9f991ee19659cf7cf0f0acfa24760d468e345182729e91746,1,0.898,f739;f2478;f2547;f993;f2477,f739;f2478;f2547;f2477;f518,4,0.6667,343.6
6338f3c3878f18f009b155022c9c8521d792942fd2ed3f37ca4a6461155ac612,1,0.5627,f739;f2478;f2477;f728;f518,f739;f2478;f2547;f2477;f518,4,0.6667,384.6
8c52b58b0294d4284959dca36bdf90800cd1204176e05ec59dfe8cb0558432d7,1,1.0,f739;f2478;f2547;f2477;f518,f739;f2478;f2276;f2547;f2477,4,0.6667,341.4
c3850ed060a613ac037d5d005ec4fef1234ff45b9c018f179fa519d05ac50c65,1,0.9485,f739;f2478;f2547;f2477;f518,f739;f2478;f2547;f2477;f518,5,1.0,330.5
9d5ab24484904dbaeccdc58db183dd89ec7a57c7cbdef685480612cf51415e20,1,0.3843,f739;f2478;f2547;f743;f993,f739;f2478;f2276;f2547;f2477,3,0.4286,351.1
8a5424f4d7f9d18b6ff46d1adeb38a89455e91039313a926cfd92efd74e81408,1,1.0,f739;f2478;f2547;f2477;f518,f739;f2478;f2547;f2477;f518,5,1.0,348.6
adb84f88a607b28eb845992bb7cac56ac5f41a6743c47af27f0d6b26e1e21ea8,1,0.673,f739;f2478;f2547;f993;f518,f739;f2478;f2276;f2547;f2477,3,0.4286,370.2
f31c50657c49f2218e54d8f601db58c3324efc9bb143019b50ed41e90b1076be,1,1.0,f739;f2478;f2547;f2477;f518,f739;f2478;f2276;f2547;f2477,4,0.6667,384.6
dd98326b636df0eb78d144f68dd3b97a1b977d8690c28a698c4d52845884e5e7,1,0.7335,f739;f2478;f2547;f2477;f518,f739;f2478;f2276;f2547;f2477,4,0.6667,342.3
3399b75aa9c476f642ade270ff68e2352aa4b9435276e4b1e142c5edeec324d2,1,0.996,f739;f2478;f2547;f2477;f518,f739;f2478;f2276;f2547;f2477,4,0.6667,344.2
52a833c667c473aa2a66bb3d884f66e2394eca5f141f6bd71987de05e1135be9,1,0.996,f739;f2478;f2547;f2477;f518,f739;f2478;f2276;f2547;f2477,4,0.6667,340.9
13e7576df02f4e40d063b4127b67f7d6717b012c3b2df3c28c41b55a9ba52aaa,1,1.0,f739;f2478;f2547;f2477;f518,f739;f2478;f2276;f2547;f2477,4,0.6667,349.4
e1bd57b173299e69a484911d9290d6501430fb2802ba6091db48f845a8648630,1,1.0,f739;f2478;f2547;f2477;f518,f739;f2478;f2276;f2547;f2477,4,0.6667,377.0
8f5c7bd3db5319f63c367f0ea49e667a1c0f83461abbafde8e325dcee00f281d,1,0.5957,f739;f2478;f2547;f993;f518,f739;f2478;f2276;f2547;f2477,3,0.4286,375.1
335031654ecc1799c90f681ca309b9377d6be0a5561d457cc99ed73e839fbf8f,1,0.7118,f739;f2478;f993;f2477;f518,f739;f2478;f2547;f2477;f518,4,0.6667,360.9
4d27c8c098535bed450bbf15ea60a1a5e8384017700a320a1b77065d723903b3,1,0.9993,f739;f2478;f2547;f2477;f518,f739;f2478;f2547;f2477;f518,5,1.0,371.7
e7661e86f7a51fed4053f1298e976d8a32007af7ebc6d7686844a77ae5750ef0,1,0.937,f739;f2478;f2547;f728;f518,f739;f2478;f2547;f2477;f518,4,0.6667,498.9
374bea3bc359d54c17b7552a1bd4fb736b975e7f146c5ee3b6f45e5a9ef42219,1,0.996,f739;f2478;f2547;f2477;f518,f739;f2478;f2276;f2547;f2477,4,0.6667,527.6
98bca931ad8719190a29f3ba31149ed6af01b2f476e22be3866b468399b3a86d,1,0.5539,f739;f2478;f2547;f993;f518,f739;f2478;f2547;f2477;f518,4,0.6667,516.3
609134545c2e97401406f4ef2ad5c07905a38a779963c711c902542b1ccbc1a7,1,0.7496,f739;f2478;f993;f2477;f518,f739;f2478;f2547;f993;f2477,4,0.6667,460.8
353757b8dfb97e1f3b494e4549bcf18ad2c78897e9b6dd844ca09588f1a2215a,1,0.987,f739;f2478;f2547;f745;f2477,f739;f2478;f2276;f2547;f2477,4,0.6667,483.5
de590b5ce203c4b58888461205a88f2922539d7b93360d44145b9deba85e6e4f,1,0.9397,f739;f2478;f2547;f993;f518,f739;f2478;f2547;f993;f2477,4,0.6667,491.7
2b8b755a1a7af85698d9571888fb76df8ce81a768ba53bca1ac0f83a7b2a86f3,1,1.0,f739;f2478;f2547;f2477;f518,f739;f2478;f2276;f2547;f2477,4,0.6667,489.0
c5780bdd81a72bc7d4b1fd0028363ef3f51558d30d185f294892f9dea3bf3794,1,0.756,f739;f2478;f2547;f993;f2477,f739;f2478;f2547;f2477;f518,4,0.6667,516.0
3b392b636483a104379e4ba14610f66395ca1af8cb59c86a0d24a3bd104750b5,1,1.0,f739;f2478;f2547;f2477;f518,f739;f2478;f2547;f2477;f518,5,1.0,525.8
73a2eea861d564bd15fec29a251fedde57db140a84d487e045a84876e2013bf8,1,0.8639,f739;f2478;f2547;f2477;f518,f739;f2478;f2276;f2547;f2477,4,0.6667,461.2
ab91be925b235260d459a216e5e392912d92a9952dea28d0cf9ca96bf99bec93,1,1.0,f739;f2478;f2547;f2477;f518,f739;f2478;f2547;f2477;f518,5,1.0,320.6
b65845ca83e174a0ac223fd4c097f75ce776a9bca463d8dcf313c1b1f457b0c6,1,1.0,f739;f2478;f2547;f2477;f518,f739;f2478;f2547;f2477;f518,5,1.0,344.7
9dcdfead7d026ab64ce4afa457653b7bd449b36c489118b56dcf56f728672d00,1,0.9999,f739;f2478;f2547;f2477;f518,f739;f2478;f2547;f2477;f518,5,1.0,375.1
a65ede8ee9d89d976d409c2527ab9a20b38c4047fe8e9e3eff94f26780413a19,1,0.8526,f739;f2478;f2547;f2477;f518,f739;f2478;f2547;f2477;f518,5,1.0,369.7
b6e591f3ba96d653d22f9fee82951393f315ae7b2755f1e1a84a699356f504a4,1,0.1026,f739;f2478;f993;f2477;f518,f739;f2478;f2276;f2547;f2477,3,0.4286,389.9
1d6e876b43163c961c134d038683c2627edac00608d311f23d58aec16966c9b8,1,1.0,f739;f2478;f2547;f2477;f518,f739;f2478;f2276;f2547;f2477,4,0.6667,362.3
0e927451c458c2c43e139d5b1fd7dcc75f678c5a3a476d8102bdab250c322a0f,1,1.0,f739;f2478;f2547;f2477;f518,f739;f2478;f2276;f2547;f2477,4,0.6667,362.6
4baaf1ab3ae596d3be9d131cd2fc61ef3b84a8a1e1c6f9d93068044b7ed930e0,1,0.9562,f739;f2478;f2547;f993;f518,f739;f2478;f2276;f2547;f2477,3,0.4286,368.4
284193cea792dde5dedb54112535d71095e37c01c1e18b6d885c4e877fa4d9c3,1,0.8836,f739;f2478;f2547;f993;f2477,f739;f2478;f2547;f2477;f518,4,0.6667,329.3
fef84780e6185f05cdbbd5d7cd5cf0e1fc08b8515513bc1b594ca89f82116965,1,0.8801,f739;f2478;f2547;f993;f518,f739;f2478;f2547;f2477;f518,4,0.6667,325.7
