epoca,accuracy,auc,loss,val_accuracy,val_auc,val_loss
1,0.886909544467926,0.9546889662742615,0.2713429033756256,0.820956289768219,0.9390017986297607,0.3542530834674835
2,0.8977543115615845,0.9649032354354858,0.23857490718364716,0.891402542591095,0.9420428276062012,0.3411458432674408
3,0.9016340970993042,0.9672669172286987,0.23035675287246704,0.8927504420280457,0.9412345886230469,0.336625874042511
4,0.903243899345398,0.9684073328971863,0.22612470388412476,0.8949635624885559,0.9436465501785278,0.3325129747390747
5,0.9044438004493713,0.9692219495773315,0.22305859625339508,0.8920491933822632,0.9431324601173401,0.3352876603603363
6,0.9052042961120605,0.9697114825248718,0.22088725864887238,0.8916029334068298,0.9446461796760559,0.3366188108921051
7,0.9060239195823669,0.9703068733215332,0.21872881054878235,0.8923952579498291,0.9437423348426819,0.3332926034927368
8,0.9066660404205322,0.9707494378089905,0.21711905300617218,0.8921220302581787,0.9481901526451111,0.33454519510269165
9,0.9070098400115967,0.9709175229072571,0.21631529927253723,0.8930965662002563,0.9465500712394714,0.3326312005519867
10,0.9074105620384216,0.9713120460510254,0.2150166779756546,0.8923224210739136,0.9440212845802307,0.33666375279426575
11,0.9076860547065735,0.9715070724487305,0.21419228613376617,0.8930874466896057,0.9463034868240356,0.335114985704422
12,0.9076337218284607,0.9715712666511536,0.21385714411735535,0.8924316763877869,0.944085955619812,0.3375451862812042
13,0.9080435633659363,0.9716838002204895,0.21335256099700928,0.892513632774353,0.9460096955299377,0.3364343047142029
14,0.9084761738777161,0.9719412326812744,0.2123674899339676,0.8942896127700806,0.9479240775108337,0.3396057188510895
15,0.9089064598083496,0.9721370935440063,0.21183252334594727,0.8959835767745972,0.949489176273346,0.32951056957244873
16,0.9087311625480652,0.9722033739089966,0.21138107776641846,0.892741322517395,0.9500638842582703,0.33323338627815247
17,0.9089725017547607,0.972268283367157,0.21122223138809204,0.8935701251029968,0.9477894306182861,0.338308185338974
18,0.9092479944229126,0.9723831415176392,0.21069854497909546,0.8926957845687866,0.9483258128166199,0.3397292196750641
19,0.9089246988296509,0.972571611404419,0.20991452038288116,0.892595648765564,0.9464147686958313,0.3369297981262207
20,0.9094939231872559,0.9726309776306152,0.20978420972824097,0.892823338508606,0.9479403495788574,0.3430432677268982
21,0.9094688892364502,0.9726043939590454,0.2098926603794098,0.8925865292549133,0.9499485492706299,0.3352661430835724
22,0.9096396565437317,0.9727488160133362,0.20926134288311005,0.8915573954582214,0.9482822418212891,0.34166789054870605
23,0.9095144271850586,0.9727658629417419,0.2092626392841339,0.8904280662536621,0.9477763772010803,0.3415049612522125
24,0.909694254398346,0.9728960394859314,0.20868417620658875,0.891912579536438,0.9495006799697876,0.3395111560821533
