modelo,umbral,precision,recall,f1,fpr,fnr,recall_challenge
Random Forest,0.1,0.791208,0.985863,0.877875,0.260217,0.014137,0.899137
Random Forest,0.2,0.864515,0.967652,0.913181,0.151682,0.032348,0.810394
Random Forest,0.3,0.894464,0.955837,0.924132,0.112803,0.044163,0.739113
Random Forest,0.4,0.913528,0.94403,0.928528,0.089379,0.05597,0.659408
Random Forest,0.5,0.925766,0.924507,0.925136,0.07415,0.075493,0.572925
Random Forest,0.6,0.938674,0.898085,0.917931,0.058687,0.101915,0.520953
Random Forest,0.7,0.950112,0.863574,0.904778,0.045355,0.136426,0.474733
Random Forest,0.8,0.977048,0.7738,0.863627,0.018182,0.2262,0.413928
Random Forest,0.9,0.985611,0.702463,0.82029,0.010258,0.297537,0.258012
XGBoost,0.1,0.814347,0.983296,0.890882,0.22422,0.016704,0.866064
XGBoost,0.2,0.882806,0.96323,0.921266,0.127899,0.03677,0.793344
XGBoost,0.3,0.899486,0.953419,0.925667,0.106564,0.046581,0.651397
XGBoost,0.4,0.910683,0.940189,0.925201,0.092232,0.059811,0.572104
XGBoost,0.5,0.918669,0.92577,0.922206,0.081977,0.07423,0.518488
XGBoost,0.6,0.927435,0.906626,0.916912,0.070953,0.093374,0.451931
XGBoost,0.7,0.945081,0.859663,0.90035,0.049967,0.140337,0.408587
XGBoost,0.8,0.975614,0.764722,0.85739,0.019119,0.235278,0.334018
XGBoost,0.9,0.984786,0.681074,0.805244,0.010525,0.318926,0.197001
Red Neuronal Densa,0.1,0.85133,0.967622,0.905759,0.169015,0.032378,0.7235
Red Neuronal Densa,0.2,0.885794,0.9538,0.91854,0.123001,0.0462,0.678718
Red Neuronal Densa,0.3,0.899581,0.943833,0.921176,0.105383,0.056167,0.597987
Red Neuronal Densa,0.4,0.909631,0.923889,0.916705,0.091806,0.076111,0.570666
Red Neuronal Densa,0.5,0.918577,0.898559,0.908458,0.079666,0.101441,0.364215
Red Neuronal Densa,0.6,0.956732,0.799304,0.870961,0.036156,0.200696,0.292523
Red Neuronal Densa,0.7,0.968484,0.746967,0.843423,0.024313,0.253033,0.253698
Red Neuronal Densa,0.8,0.97899,0.696174,0.813708,0.014944,0.303826,0.237469
Red Neuronal Densa,0.9,0.985728,0.602911,0.748195,0.008732,0.397089,0.022802
