modelo,file_type,n,n_maliciosos,accuracy,precision,recall,f1,fpr,auc_roc,recall_challenge
Random Forest,Win32,359994,180000,0.924596,0.926781,0.922039,0.924404,0.072847,0.979967,0.528062015503876
Random Forest,Win64,119993,60000,0.927846,0.914356,0.944133,0.929006,0.088444,0.979406,0.5368550368550369
Random Forest,Dot_Net,59953,30000,0.92334,0.944126,0.900067,0.92157,0.05335,0.9616,0.7828709288299156
XGBoost,Win32,359994,180000,0.920713,0.918392,0.923489,0.920933,0.082064,0.978851,0.4489922480620155
XGBoost,Win64,119993,60000,0.925112,0.908661,0.94525,0.926595,0.095028,0.978314,0.5171990171990172
XGBoost,Dot_Net,59953,30000,0.922573,0.942208,0.9005,0.920882,0.05532,0.962119,0.7901085645355851
Red Neuronal Densa,Win32,359994,180000,0.911129,0.919671,0.900956,0.910217,0.078697,0.97628,0.3789147286821705
Red Neuronal Densa,Win64,119993,60000,0.90872,0.907374,0.910383,0.908876,0.092944,0.973397,0.527027027027027
Red Neuronal Densa,Dot_Net,59953,30000,0.900789,0.936041,0.860533,0.8967,0.058892,0.947878,0.1471652593486128
