modelo,semana,n,n_maliciosos,f1,recall,fpr,incluida_en_figura
Random Forest,52,45000,22500,0.933786,0.9292,0.060978,True
Random Forest,53,45001,22500,0.936903,0.9348,0.060708,True
Random Forest,54,45092,22500,0.934875,0.932756,0.062456,True
Random Forest,55,44955,22500,0.93535,0.935911,0.06542,True
Random Forest,56,44993,22500,0.936329,0.936267,0.06362,True
Random Forest,57,45038,22500,0.922158,0.919822,0.074984,True
Random Forest,58,44909,22500,0.920817,0.934711,0.095854,True
Random Forest,59,45068,22500,0.91793,0.915156,0.078563,True
Random Forest,60,44981,22500,0.91301,0.912178,0.086073,True
Random Forest,61,45013,22500,0.918113,0.918133,0.081864,True
Random Forest,62,44938,22500,0.918202,0.918978,0.08294,True
Random Forest,63,44952,22500,0.914182,0.906178,0.076474,True
XGBoost,52,45000,22500,0.930433,0.929689,0.068711,True
XGBoost,53,45001,22500,0.93486,0.936356,0.066841,True
XGBoost,54,45092,22500,0.933457,0.936444,0.069671,True
XGBoost,55,44955,22500,0.932522,0.936667,0.072367,True
XGBoost,56,44993,22500,0.933947,0.937911,0.0706,True
XGBoost,57,45038,22500,0.919509,0.920756,0.081817,True
XGBoost,58,44909,22500,0.917432,0.935067,0.103798,True
XGBoost,59,45068,22500,0.914325,0.915422,0.086716,True
XGBoost,60,44981,22500,0.91166,0.9148,0.092167,True
XGBoost,61,45013,22500,0.91568,0.918,0.087016,True
XGBoost,62,44938,22500,0.910807,0.919956,0.10041,True
XGBoost,63,44952,22500,0.911927,0.908178,0.083779,True
Red Neuronal Densa,52,45000,22500,0.911483,0.894489,0.068222,True
Red Neuronal Densa,53,45001,22500,0.917924,0.9044,0.06613,True
Red Neuronal Densa,54,45092,22500,0.915263,0.902978,0.069892,True
Red Neuronal Densa,55,44955,22500,0.920969,0.912844,0.06965,True
Red Neuronal Densa,56,44993,22500,0.922045,0.916267,0.071222,True
Red Neuronal Densa,57,45038,22500,0.906751,0.895689,0.079776,True
Red Neuronal Densa,58,44909,22500,0.904764,0.907378,0.0988,True
Red Neuronal Densa,59,45068,22500,0.903618,0.894622,0.085209,True
Red Neuronal Densa,60,44981,22500,0.896573,0.884978,0.089231,True
Red Neuronal Densa,61,45013,22500,0.902125,0.8916,0.085018,True
Red Neuronal Densa,62,44938,22500,0.90345,0.897467,0.089536,True
Red Neuronal Densa,63,44952,22500,0.896475,0.88,0.083422,True
